d_1;score;Hotels;distance_from_sea;Companies;Houses;mun_category;Airports;Finance;CO2(tons/km^2);Evcs;Gas
ΔΗΜΟΣ ΠΛΑΤΑΝΙΑ;1;13918;7208;1475;8;2;0;59548.113;228.9872096;11;1.915
ΔΗΜΟΣ ΣΦΑΚΙΩΝ;1;460;6578;191;10;1;1;7742.8096;31.20711268;0;1.965
ΔΗΜΟΣ ΚΑΤΩ ΝΕΥΡΟΚΟΠΙΟΥ;1;0;62457;387;19;1;0;20446.45;35.57875694;6;1.865
ΔΗΜΟΣ ΒΟΛΒΗΣ;2;0;17232;1577;83;2;0;58265.773;158.9322565;18;1.900
ΔΗΜΟΣ ΚΟΡΔΕΛΙΟΥ - ΕΥΟΣΜΟΥ;3;0;3452;8392;4200;4;0;310050.88;49419.69967;102;1.749
ΔΗΜΟΣ ΑΛΕΞΑΝΔΡΕΙΑΣ;1;0;17398;2633;315;2;0;112617.17;446.7679633;37;1.789
ΔΗΜΟΣ ΠΟΛΥΓΥΡΟΥ;2;7697;14057;2327;159;2;0;62788.934;184.0273146;20;1.825
ΔΗΜΟΣ ΜΥΤΙΛΗΝΗΣ;3;4869;1855;4627;324;2;2;253442.3;642.2435765;56;1.775
ΔΗΜΟΣ ΔΥΤΙΚΗΣ ΛΕΣΒΟΥ;2;2086;2596;1966;138;2;1;107764.62;145.7647707;17;1.825
ΔΗΜΟΣ ΑΡΡΙΑΝΩΝ;2;0;37480;838;2;2;0;57402.16;92.4872651;15;1.884
ΔΗΜΟΣ ΠΑΡΑΝΕΣΤΙΟΥ;2;0;42496;207;1;1;0;10954.964;16.15573081;2;1.881
ΔΗΜΟΣ ΛΥΚΟΒΡΥΣΗΣ - ΠΕΥΚΗΣ;3;190;16495;2965;1305;4;0;76275.48;55271.39468;29;1.738
ΔΗΜΟΣ ΜΕΤΑΜΟΡΦΩΣΕΩΣ;3;214;15051;2886;1252;4;0;74242.84;40104.48117;22;1.758
ΔΗΜΟΣ ΝΕΑΣ ΙΩΝΙΑΣ;1;0;12591;6133;3229;4;0;157755.58;109007.4773;57;1.758
ΔΗΜΟΣ ΠΑΠΑΓΟΥ - ΧΟΛΑΡΓΟΥ;1;0;11576;4321;2308;4;0;111140.33;45238.61134;44;1.847
ΔΗΜΟΣ ΠΕΝΤΕΛΗΣ;3;206;8916;3390;1202;4;0;87208.88;7177.153066;34;1.795
ΔΗΜΟΣ ΦΙΛΟΘΕΗΣ - ΨΥΧΙΚΟΥ;2;0;11417;2621;1327;4;0;67426.375;32839.54906;25;1.820
ΔΗΜΟΣ ΠΕΡΙΣΤΕΡΙΟΥ;2;0;7916;9047;4317;4;0;325130.5;72836.57922;124;1.709
ΔΗΜΟΣ ΑΓΙΑΣ ΒΑΡΒΑΡΑΣ;2;0;4972;1831;650;4;0;65848.99;62045.24348;25;1.749
ΔΗΜΟΣ ΧΑΛΑΝΔΡΙΟΥ;1;197;14423;7382;3147;4;0;189773.27;52235.01274;65;1.755
ΔΗΜΟΣ ΚΙΜΩΛΟΥ;1;209;334;154;4;1;1;4483.702;203.3170312;1;2.144
ΔΗΜΟΣ ΣΕΡΙΦΟΥ;1;281;3305;237;7;1;1;6903.914;221.7845319;1;2.144
ΔΗΜΟΣ ΣΙΦΝΟΥ;1;965;2523;520;3;1;1;15119.462;495.093748;2;2.219
ΔΗΜΟΣ ΜΥΚΟΝΟΥ;3;13394;2153;2493;17;2;2;53793.45;1629.271557;9;2.088
ΔΗΜΟΣ ΑΜΟΡΓΟΥ;2;758;1943;282;2;1;2;10783.936;161.4883054;1;2.200
ΔΗΜΟΣ ΝΑΞΟΥ ΚΑΙ ΜΙΚΡΩΝ ΚΥΚΛΑΔΩΝ;3;6728;6835;2846;20;2;2;108728.41;415.0386064;19;2.000
ΔΗΜΟΣ ΠΑΡΟΥ;3;7158;4560;2686;11;2;2;78423.63;963.1075623;9;2.089
ΔΗΜΟΣ ΑΝΤΙΠΑΡΟΥ;2;241;1595;237;0;1;1;6936.842;369.1429023;2;2.250
ΔΗΜΟΣ ΡΟΔΟΥ;2;98932;12062;12312;1443;3;2;685183.25;668.5625428;97;1.915
ΔΗΜΟΣ ΣΥΜΗΣ;2;450;1952;245;0;1;1;13692.579;283.3923909;3;2.129
ΔΗΜΟΣ ΤΗΛΟΥ;2;245;416;73;2;1;1;4088.566;86.17029364;0;2.170
ΔΗΜΟΣ ΧΑΛΚΗΣ;2;86;710;46;1;1;1;2612.2917;94.86482708;0;2.047
ΔΗΜΟΣ ΤΗΝΟΥ;1;2284;2998;1228;55;2;1;47257.234;456.9680888;6;2.017
ΔΗΜΟΣ ΗΡΑΚΛΕΙΟΥ;1;10871;10366;15589;3726;3;2;688239.4;4938.87495;158;1.852
ΔΗΜΟΣ ΑΡΧΑΝΩΝ - ΑΣΤΕΡΟΥΣΙΩΝ;1;56;14499;1408;6;2;0;62199.01;323.7091129;14;1.979
ΔΗΜΟΣ ΒΙΑΝΝΟΥ;1;152;6088;379;8;1;0;16768.312;132.6453733;5;1.990
ΔΗΜΟΣ ΓΟΡΤΥΝΑΣ;3;496;12502;1226;3;2;0;54168.566;204.4318237;14;1.989
ΔΗΜΟΣ ΜΑΛΕΒΙΖΙΟΥ;3;11976;7169;2266;175;2;0;100089.03;601.6272025;23;1.919
ΔΗΜΟΣ ΦΑΙΣΤΟΥ;2;837;7349;2111;59;2;0;93263.54;398.268732;23;1.920
ΔΗΜΟΣ ΧΕΡΣΟΝΗΣΟΥ;2;53756;5626;2396;168;2;0;105837.83;682.189612;21;1.895
ΔΗΜΟΣ ΑΓΙΟΥ ΝΙΚΟΛΑΟΥ;2;19285;7281;2354;464;2;1;104702.836;356.9573786;21;1.835
ΔΗΜΟΣ ΙΕΡΑΠΕΤΡΑΣ;1;5568;5709;2306;268;2;1;102654.414;323.0267387;25;1.895
ΔΗΜΟΣ ΜΙΝΩΑ ΠΕΔΙΑΔΑΣ;4;498;16722;1246;9;2;0;55043.137;242.5093831;15;1.910
ΔΗΜΟΣ ΟΡΟΠΕΔΙΟΥ ΛΑΣΙΘΙΟΥ;5;100;14548;199;0;2;0;8881.687;118.8486138;3;1.918
ΔΗΜΟΣ ΣΗΤΕΙΑΣ;8;1393;7475;1770;332;2;2;78780.75;219.0347323;21;1.918
ΔΗΜΟΣ ΡΕΘΥΜΝΗΣ;8;24679;5761;5108;861;2;1;216254.5;991.7584484;48;1.859
ΔΗΜΟΣ ΑΓΙΟΥ ΒΑΣΙΛΕΙΟΥ;8;2375;3924;660;9;2;0;27962.736;141.3970285;7;1.929
ΔΗΜΟΣ ΑΜΑΡΙΟΥ;8;100;12560;514;1;2;0;21794.145;142.6601858;6;1.935
ΔΗΜΟΣ ΑΝΩΓΕΙΩΝ;5;20;18355;205;1;1;0;8706.773;139.6645794;3;1.938
ΔΗΜΟΣ ΜΥΛΟΠΟΤΑΜΟΥ;5;7042;7184;1182;12;2;0;50102.816;259.6837996;12;1.938
ΔΗΜΟΣ ΧΑΝΙΩΝ;6;21792;1669;10660;1637;3;2;430075.75;2316.544481;94;1.853
ΔΗΜΟΣ ΑΠΟΚΟΡΩΝΟΥ;4;10660;5831;1133;4;2;0;45753.316;274.1933798;7;1.910
ΔΗΜΟΣ ΚΑΝΤΑΝΟΥ - ΣΕΛΙΝΟΥ;4;459;6441;474;7;2;1;19166.562;96.19719283;5;1.910
ΔΗΜΟΣ ΚΙΣΣΑΜΟΥ;4;1107;5192;1023;23;2;2;41326.082;229.0723355;9;1.938
ΔΗΜΟΣ ΓΑΥΔΟΥ;7;0;2389;14;0;2;1;586.9299;33.1937148;1;1.938
ΔΗΜΟΣ ΤΟΠΕΙΡΟΥ;7;0;13067;537;1;2;0;37005.652;146.4786084;10;1.839
ΔΗΜΟΣ ΘΕΣΣΑΛΟΝΙΚΗΣ;7;12008;210;25301;17380;4;2;934564.06;103443.1635;303;1.759
ΔΗΜΟΣ ΘΕΡΜΑΪΚΟΥ;7;660;3619;3618;1150;2;0;133665.94;2140.173517;43;1.797
ΔΗΜΟΣ ΘΕΡΜΗΣ;7;1118;10283;4397;192;2;0;162451.3;908.0687032;42;1.769
ΔΗΜΟΣ ΑΜΠΕΛΟΚΗΠΩΝ - ΜΕΝΕΜΕΝΗΣ;9;0;1161;3954;2474;4;0;146087.94;31838.45085;46;1.839
ΔΗΜΟΣ ΔΕΛΤΑ;9;166;6190;3632;690;4;0;134188.92;921.2677732;40;1.733
ΔΗΜΟΣ ΚΑΛΑΜΑΡΙΑΣ;9;108;792;7342;5328;4;0;271265.8;90526.62155;90;1.769
ΔΗΜΟΣ ΛΑΓΚΑΔΑ;9;312;27396;2951;248;2;0;109026.29;190.4529489;36;1.798
ΔΗΜΟΣ ΠΥΛΑΙΑΣ - ΧΟΡΤΙΑΤΗ;9;446;8857;5749;1461;4;0;212403.05;2915.562268;58;1.758
ΔΗΜΟΣ ΠΑΥΛΟΥ ΜΕΛΑ;9;0;5584;7958;3702;4;0;294002.2;26385.32801;93;1.828
ΔΗΜΟΣ ΠΡΕΒΕΖΑΣ;9;3197;7163;2806;553;2;2;130275.99;567.7053096;25;1.829
ΔΗΜΟΣ ΖΗΡΟΥ;6;0;18890;1187;75;2;0;55120.496;240.1598554;13;1.859
ΔΗΜΟΣ ΠΑΡΓΑΣ;6;2725;4574;978;31;2;1;45421.383;274.16;13;1.919
ΔΗΜΟΣ ΑΜΥΝΤΑΙΟΥ;6;172;83979;987;83;2;0;67926.05;136.0012784;14;1.840
ΔΗΜΟΣ ΠΡΕΣΠΩΝ;2;63;128005;84;0;2;0;5782.554;13.23463883;1;1.839
ΔΗΜΟΣ ΩΡΑΙΟΚΑΣΤΡΟΥ;2;201;12842;3193;72;4;0;117972.61;1156.335573;38;1.768
ΔΗΜΟΣ ΒΕΡΟΙΑΣ;2;966;33738;4269;2008;2;0;182526.1;435.4046281;55;1.805
ΔΗΜΟΣ ΧΑΛΚΗΔΟΝΟΣ;1;320;19209;2384;75;2;0;88083.91;480.527433;29;1.786
ΔΗΜΟΣ ΗΡΩΙΚΗΣ ΠΟΛΕΩΣ ΝΑΟΥΣΑΣ;3;453;48939;2040;844;2;0;87254.56;389.5083711;27;1.859
ΔΗΜΟΣ ΚΙΛΚΙΣ;3;776;43798;7482;1030;2;0;133780.12;333.4091022;37;1.799
ΔΗΜΟΣ ΠΑΙΟΝΙΑΣ;3;195;48842;4138;138;2;0;73990.95;320.8527721;26;1.790
ΔΗΜΟΣ ΑΛΜΩΠΙΑΣ;8;1667;73111;1845;304;2;0;73299.83;149.7731905;24;1.798
ΔΗΜΟΣ ΠΕΛΛΑΣ;8;195;38487;4215;1046;2;0;167392.06;504.004638;57;1.775
ΔΗΜΟΣ ΚΑΤΕΡΙΝΗΣ;5;11446;18755;6808;2796;3;0;244012.2;783.4289018;74;1.769
ΔΗΜΟΣ ΕΔΕΣΣΑΣ;5;907;66762;1949;1203;2;0;77452.42;255.1985423;24;1.829
ΔΗΜΟΣ ΣΚΥΔΡΑΣ;5;0;51644;1338;154;2;0;53172.08;447.0963802;18;1.789
ΔΗΜΟΣ ΔΙΟΥ - ΟΛΥΜΠΟΥ;2;8902;6365;1967;269;2;0;70535.35;311.6558263;21;1.799
ΔΗΜΟΣ ΠΥΔΝΑΣ - ΚΟΛΙΝΔΡΟΥ;1;266;6244;1027;11;2;0;36852.84;237.4238833;13;1.847
ΔΗΜΟΣ ΣΕΡΡΩΝ;1;1613;44628;5145;2052;3;1;217179.11;694.15818;67;1.748
ΔΗΜΟΣ ΑΜΦΙΠΟΛΗΣ;1;0;15156;499;6;2;0;21083.553;98.19422026;7;1.865
ΔΗΜΟΣ ΒΙΣΑΛΤΙΑΣ;3;0;21152;1116;80;2;0;47149.047;137.3740991;16;1.850
ΔΗΜΟΣ ΕΜΜΑΝΟΥΗΛ ΠΑΠΠΑ;4;0;32499;805;2;2;0;34038.363;193.084853;12;1.848
ΔΗΜΟΣ ΗΡΑΚΛΕΙΑΣ;4;309;55740;1093;13;1;0;46205.008;196.1919686;16;1.868
ΔΗΜΟΣ ΝΕΑΣ ΖΙΧΝΗΣ;4;0;26027;575;17;2;0;24289.172;115.2431951;9;1.839
ΔΗΜΟΣ ΣΙΝΤΙΚΗΣ;2;309;70696;1290;118;1;0;54501.38;94.73776647;19;1.810
ΔΗΜΟΣ ΚΑΣΣΑΝΔΡΑΣ;3;22321;2338;1848;78;2;0;49872.35;414.1857328;6;1.878
ΔΗΜΟΣ ΣΙΘΩΝΙΑΣ;8;7773;4781;1267;65;2;0;34206;183.6994454;4;1.870
ΔΗΜΟΣ ΚΟΖΑΝΗΣ;2;878;63207;4838;1925;3;1;318329.62;363.3771936;63;1.815
ΔΗΜΟΣ ΒΟΪΟΥ;2;164;101850;1085;106;2;0;71476.164;86.66628843;16;1.865
ΔΗΜΟΣ ΑΡΙΣΤΟΤΕΛΗ;2;5555;8170;1852;31;2;1;49978.227;185.7579141;13;1.848
ΔΗΜΟΣ ΣΕΡΒΙΩΝ;5;0;51052;683;52;2;0;44961.727;244.7128309;9;1.818
ΔΗΜΟΣ ΕΟΡΔΑΙΑΣ;5;694;73886;3054;1032;2;0;201033.8;346.7261521;41;1.835
ΔΗΜΟΣ ΒΕΛΒΕΝΤΟΥ;7;0;39451;220;52;2;0;14503.783;139.9933127;4;1.895
ΔΗΜΟΣ ΔΕΣΚΑΤΗΣ;7;0;72894;369;1;1;0;24670.65;69.01870199;6;1.897
ΔΗΜΟΣ ΚΑΣΤΟΡΙΑΣ;7;2135;113254;2628;717;2;1;157489.28;272.0147678;33;1.880
ΔΗΜΟΣ ΝΕΣΤΟΡΙΟΥ;1;0;98665;173;0;2;0;10370.679;22.18619342;3;1.929
ΔΗΜΟΣ ΑΡΓΟΥΣ ΟΡΕΣΤΙΚΟΥ;1;0;111599;840;73;2;0;50398.277;194.8344689;9;1.796
ΔΗΜΟΣ ΦΛΩΡΙΝΑΣ;4;1017;100463;2042;766;2;0;140350.17;202.2639877;29;1.830
ΔΗΜΟΣ ΖΑΓΟΡΙΟΥ;6;940;65940;264;1;1;0;14270.351;21.12749078;2;1.899
ΔΗΜΟΣ ΑΡΤΑΙΩΝ;2;714;13456;2844;796;2;0;175566.64;506.067617;35;1.835
ΔΗΜΟΣ ΚΕΝΤΡΙΚΩΝ ΤΖΟΥΜΕΡΚΩΝ;2;22;36753;379;7;1;0;23454.992;60.58508703;6;1.907
ΔΗΜΟΣ ΗΓΟΥΜΕΝΙΤΣΑΣ;4;3473;6388;2342;544;2;1;108415.03;421.1955291;24;1.820
ΔΗΜΟΣ ΣΟΥΛΙΟΥ;4;0;19194;798;11;2;0;36970.5;122.2961073;8;1.859
ΔΗΜΟΣ ΦΙΛΙΑΤΩΝ;4;138;13968;578;5;2;0;26782.21;76.33137627;7;1.840
ΔΗΜΟΣ ΔΟΞΑΤΟΥ;6;0;19361;881;20;1;0;46512.5;290.6595935;13;1.789
ΔΗΜΟΣ ΠΡΟΣΟΤΣΑΝΗΣ;6;56;44803;782;3;1;0;41269.33;130.327004;11;1.869
ΔΗΜΟΣ ΚΟΜΟΤΗΝΗΣ;5;1469;18626;3653;1687;3;0;250085.83;482.0608582;61;1.825
ΔΗΜΟΣ ΙΑΣΜΟΥ;5;0;10519;692;2;1;0;47422.85;121.3806384;13;1.885
ΔΗΜΟΣ ΜΑΡΩΝΕΙΑΣ - ΣΑΠΩΝ;7;0;14421;672;3;1;0;46028.516;89.11851711;10;1.869
ΔΗΜΟΣ ΔΡΑΜΑΣ;7;1148;44008;4049;1644;3;0;213541.11;386.9948407;48;1.823
ΔΗΜΟΣ ΑΛΕΞΑΝΔΡΟΥΠΟΛΗΣ;2;3152;9451;4380;1843;3;2;275030.25;300.0355306;66;1.815
ΔΗΜΟΣ ΔΙΔΥΜΟΤΕΙΧΟΥ;1;126;72119;988;44;1;0;62076.844;145.6973917;15;1.839
ΔΗΜΟΣ ΟΡΕΣΤΙΑΔΑΣ;1;389;89511;1939;442;2;0;121741.445;169.1532194;27;1.869
ΔΗΜΟΣ ΣΑΜΟΘΡΑΚΗΣ;2;221;5362;160;5;1;1;10071.498;74.97833836;3;2.134
ΔΗΜΟΣ ΣΟΥΦΛΙΟΥ;2;57;42213;720;5;1;0;45264.125;45.2892759;12;1.869
ΔΗΜΟΣ ΘΑΣΟΥ;2;11257;8844;2334;45;2;1;50146.23;434.1820575;12;1.918
ΔΗΜΟΣ ΚΑΒΑΛΑΣ;1;2727;7749;5132;2320;3;2;252966.69;1157.096268;60;1.799
ΔΗΜΟΣ ΝΕΣΤΟΥ;1;191;11342;1599;101;2;0;78839.625;186.6439855;21;1.819
ΔΗΜΟΣ ΠΑΓΓΑΙΟΥ;4;214;10469;2305;165;2;0;113667.34;260.3908003;27;1.849
ΔΗΜΟΣ ΞΑΝΘΗΣ;4;1184;31128;3692;1951;3;1;254138.25;635.4750483;59;1.788
ΔΗΜΟΣ ΑΒΔΗΡΩΝ;4;174;5827;996;1;2;0;68602.96;241.1651461;15;1.799
ΔΗΜΟΣ ΜΥΚΗΣ;4;0;25298;809;19;2;0;55777.355;108.903643;15;1.877
ΔΗΜΟΣ ΑΡΓΙΘΕΑΣ;4;0;42351;235;1;2;0;12272.502;51.50598604;4;1.849
ΔΗΜΟΣ ΛΙΜΝΗΣ ΠΛΑΣΤΗΡΑ;1;512;60039;354;0;2;0;18452.396;145.7700251;4;1.890
ΔΗΜΟΣ ΜΟΥΖΑΚΙΟΥ;1;270;65822;756;0;2;0;39327.87;196.6753523;12;1.863
ΔΗΜΟΣ ΠΑΛΑΜΑ;1;0;67451;900;1;2;0;46841.504;192.0651397;14;1.878
ΔΗΜΟΣ ΒΟΛΟΥ;2;7437;1805;10778;3290;3;2;484842.4;2216.245628;131;1.760
ΔΗΜΟΣ ΖΑΓΟΡΑΣ - ΜΟΥΡΕΣΙΟΥ;8;920;2936;353;16;2;0;15907.118;186.284557;4;1.940
ΔΗΜΟΣ ΜΕΓΑΝΗΣΙΟΥ;8;227;113;157;0;1;1;3547.3;497.4707935;1;1.960
ΔΗΜΟΣ ΑΡΓΟΥΣ - ΜΥΚΗΝΩΝ;8;548;13373;3506;421;2;0;173269.69;271.2347366;39;1.849
ΔΗΜΟΣ ΕΡΜΙΟΝΙΔΑΣ;4;2517;4680;1190;31;2;0;58889.777;219.2201153;10;1.881
ΔΗΜΟΣ ΚΟΡΙΝΘΙΩΝ;9;595;6601;4298;642;2;0;244415.52;559.5224105;46;1.827
ΔΗΜΟΣ ΛΟΥΤΡΑΚΙΟΥ - ΠΕΡΑΧΩΡΑΣ - ΑΓΙΩΝ ΘΕΟΔΩΡΩΝ;9;5565;4733;1668;642;2;0;94952.08;452.8185583;18;1.798
ΔΗΜΟΣ ΣΙΚΥΩΝΙΩΝ;2;157;21889;1596;206;2;0;90872.49;210.8558672;17;1.779
ΔΗΜΟΣ ΣΠΑΡΤΗΣ;2;1910;28734;2663;649;2;0;142560.2;177.2800038;25;1.879
ΔΗΜΟΣ ΑΝΑΤΟΛΙΚΗΣ ΜΑΝΗΣ;5;2424;4666;1035;55;2;1;55455.477;159.531671;11;1.867
ΔΗΜΟΣ ΕΥΡΩΤΑ;5;177;13857;1294;4;2;0;69370.234;117.6285193;16;1.837
ΔΗΜΟΣ ΝΟΤΙΟΥ ΠΗΛΙΟΥ;5;823;2153;645;21;2;0;29055.979;138.8213762;7;1.919
ΔΗΜΟΣ ΡΗΓΑ ΦΕΡΑΙΟΥ;3;0;13702;686;0;2;0;30868.049;98.79344025;9;1.847
ΔΗΜΟΣ ΣΚΙΑΘΟΥ;3;7079;1710;979;136;2;2;19199.572;1387.78213;4;2.119
ΔΗΜΟΣ ΑΛΟΝΝΗΣΟΥ;1;1304;989;561;19;1;1;11008.592;306.2113755;4;2.249
ΔΗΜΟΣ ΣΚΟΠΕΛΟΥ;1;2538;2630;779;9;1;1;15282.1455;572.2202483;4;2.095
ΔΗΜΟΣ ΤΡΙΚΚΑΙΩΝ;7;719;83252;5981;1436;3;0;274108;783.3050793;73;1.825
ΔΗΜΟΣ ΜΕΤΕΩΡΩΝ;7;3630;83737;1469;153;2;0;67350.375;70.49635713;19;1.849
ΔΗΜΟΣ ΠΥΛΗΣ;1;141;55886;983;3;2;0;45092.28;104.4677975;13;1.855
ΔΗΜΟΣ ΛΑΜΙΕΩΝ;2;2106;14250;4667;1648;3;0;329149.2;398.6375306;56;1.839
ΔΗΜΟΣ ΑΜΦΙΚΛΕΙΑΣ - ΕΛΑΤΕΙΑΣ;2;110;17007;588;7;1;0;41500.17;89.19940187;8;1.909
ΔΗΜΟΣ ΔΟΜΟΚΟΥ;5;200;31637;644;2;1;0;45446.676;73.58632747;9;1.867
ΔΗΜΟΣ ΛΟΚΡΩΝ;5;420;1514;1253;105;2;0;88407.6;164.8715099;16;1.859
ΔΗΜΟΣ ΙΣΤΙΑΙΑΣ - ΑΙΔΗΨΟΥ;5;3803;6426;1421;275;2;1;91408.33;221.6205443;13;1.899
ΔΗΜΟΣ ΚΑΡΠΕΝΗΣΙΟΥ;5;1768;51475;762;56;2;0;56830.63;65.75147939;5;1.921
ΔΗΜΟΣ ΜΑΚΡΑΚΩΜΗΣ;4;234;43235;951;17;2;0;67110.35;91.96142016;14;1.865
ΔΗΜΟΣ ΚΑΜΕΝΩΝ ΒΟΥΡΛΩΝ;4;2209;4161;765;74;2;0;53978.45;183.4753547;11;1.769
ΔΗΜΟΣ ΣΤΥΛΙΔΟΣ;2;163;7632;801;44;2;0;56533.523;139.6897515;12;1.877
ΔΗΜΟΣ ΛΕΒΑΔΕΩΝ;3;224;14082;2096;701;2;0;145545.23;243.5185891;25;1.829
ΔΗΜΟΣ ΑΛΙΑΡΤΟΥ - ΘΕΣΠΙΕΩΝ;3;0;17195;625;8;2;0;43466;196.529954;9;1.849
ΔΗΜΟΣ ΔΙΣΤΟΜΟΥ - ΑΡΑΧΟΒΑΣ - ΑΝΤΙΚΥΡΑΣ;3;1111;8220;541;57;2;0;37642.8;148.3824131;3;1.885
ΔΗΜΟΣ ΘΗΒΑΙΩΝ;1;287;13240;2319;243;2;0;161034.14;225.2541477;31;1.838
ΔΗΜΟΣ ΟΡΧΟΜΕΝΟΥ;1;0;14635;668;9;2;0;46476.63;129.5574212;7;1.780
ΔΗΜΟΣ ΤΑΝΑΓΡΑΣ;1;0;14647;1313;35;2;0;91244.92;229.6852881;13;1.888
ΔΗΜΟΣ ΧΑΛΚΙΔΕΩΝ;5;4289;511;8340;2076;3;1;536333.2;1559.05767;102;1.785
ΔΗΜΟΣ ΔΙΡΦΥΩΝ - ΜΕΣΣΑΠΙΩΝ;5;147;10792;1188;19;2;0;76429.445;121.3630164;16;1.869
ΔΗΜΟΣ ΕΡΕΤΡΙΑΣ;5;3897;6162;975;27;2;1;62767.71;459.3215959;12;1.835
ΔΗΜΟΣ ΚΑΡΥΣΤΟΥ;1;2201;6021;892;171;2;1;57405.023;105.0171165;10;1.899
ΔΗΜΟΣ ΚΥΜΗΣ - ΑΛΙΒΕΡΙΟΥ;2;535;9942;2029;120;2;1;130521.78;200.1669099;24;1.897
ΔΗΜΟΣ ΜΑΝΤΟΥΔΙΟΥ - ΛΙΜΝΗΣ - ΑΓΙΑΣ ΑΝΝΑΣ;2;1158;5587;922;11;2;0;59351.04;125.2237703;12;1.909
ΔΗΜΟΣ ΣΚΥΡΟΥ;3;802;1834;224;3;1;2;14424.293;79.75178244;1;2.029
ΔΗΜΟΣ ΑΓΡΑΦΩΝ;3;15;37987;397;0;1;0;29630.955;35.31553203;6;1.975
ΔΗΜΟΣ ΔΕΛΦΩΝ;3;3267;11810;1619;224;2;1;119633;117.9059026;24;1.929
ΔΗΜΟΣ ΔΩΡΙΔΟΣ;1;634;14661;807;17;2;0;59667.95;66.00450787;12;1.966
ΔΗΜΟΣ ΚΕΝΤΡΙΚΗΣ ΚΕΡΚΥΡΑΣ ΚΑΙ ΔΙΑΠΟΝΤΙΩΝ ΝΗΣ;6;12126;3864;8552;956;2;1;253230.75;2651.309686;55;1.829
ΔΗΜΟΣ ΝΟΤΙΑΣ ΚΕΡΚΥΡΑΣ;6;12125;1562;1936;214;2;1;57340.535;859.3331096;10;1.910
ΔΗΜΟΣ ΖΑΚΥΝΘΟΥ;6;35873;6352;5302;499;2;2;157240.08;955.7873583;40;1.860
ΔΗΜΟΣ ΙΘΑΚΗΣ;6;265;1762;431;5;1;1;10767.849;262.3321979;3;2.095
ΔΗΜΟΣ ΣΑΜΗΣ;3;1776;722;666;35;2;1;21392.072;170.5149364;5;1.990
ΔΗΜΟΣ ΛΕΥΚΑΔΑΣ;3;5441;2495;3756;198;2;1;84462.01;798.7484025;18;1.888
ΔΗΜΟΣ ΕΡΥΜΑΝΘΟΥ;1;0;17943;623;2;2;0;32881.03;85.35864498;9;1.869
ΔΗΜΟΣ ΚΑΛΑΒΡΥΤΩΝ;7;782;28319;699;17;2;0;36887.33;52.69110761;5;1.929
ΔΗΜΟΣ ΙΕΡΑΣ ΠΟΛΗΣ ΜΕΣΟΛΟΓΓΙΟΥ;7;345;1567;2294;262;2;1;126961.4;271.4597229;27;1.855
ΔΗΜΟΣ ΑΚΤΙΟΥ - ΒΟΝΙΤΣΑΣ;7;354;7452;1052;7;2;0;58250.258;128.3092644;13;1.879
ΔΗΜΟΣ ΑΡΓΟΣΤΟΛΙΟΥ;8;7103;5710;2708;146;2;2;86903.59;1319.265265;18;1.947
ΔΗΜΟΣ ΛΗΞΟΥΡΙΟΥ;8;2219;2712;849;46;2;1;27268.975;525.6527599;8;1.892
ΔΗΜΟΣ ΑΜΦΙΛΟΧΙΑΣ;8;418;11612;1082;161;2;0;59907.625;79.85732354;14;1.879
ΔΗΜΟΣ ΝΑΥΠΑΚΤΙΑΣ;4;1466;15413;1804;527;2;1;99843.4;165.7717395;22;1.865
ΔΗΜΟΣ ΞΗΡΟΜΕΡΟΥ;2;76;7930;734;15;2;1;40619.38;100.147101;7;1.940
ΔΗΜΟΣ ΠΥΡΓΟΥ;2;1757;9802;2755;797;2;1;176793.67;501.577992;40;1.844
ΔΗΜΟΣ ΒΟΡΕΙΩΝ ΤΖΟΥΜΕΡΚΩΝ;8;298;52362;396;0;1;0;21401.309;87.5434231;6;1.854
ΔΗΜΟΣ ΛΑΡΙΣΑΙΩΝ;8;2442;43848;11845;4492;3;0;573930.6;2836.425213;154;1.759
ΔΗΜΟΣ ΕΛΑΣΣΟΝΑΣ;6;11;37808;1832;52;2;0;88826.375;94.18690134;25;1.844
ΔΗΜΟΣ ΤΕΜΠΩΝ;6;59;15556;863;3;2;0;41876.637;120.4386093;10;1.839
ΔΗΜΟΣ ΤΥΡΝΑΒΟΥ;4;0;37136;1602;101;2;0;77692.09;245.4199506;23;1.828
ΔΗΜΟΣ ΜΕΤΣΟΒΟΥ;4;648;78240;424;13;2;0;22894.129;92.32600647;5;1.947
ΔΗΜΟΣ ΚΑΡΔΙΤΣΑΣ;3;943;70429;3806;1352;2;0;197760.12;479.9614364;53;1.849
ΔΗΜΟΣ ΑΝΔΡΙΤΣΑΙΝΑΣ - ΚΡΕΣΤΕΝΩΝ;3;0;15575;697;8;2;0;44804.527;137.2570572;12;1.889
ΔΗΜΟΣ ΑΓΙΑΣ;3;171;10144;771;10;2;0;37376.14;93.7447539;11;1.835
ΔΗΜΟΣ ΑΡΧΑΙΑΣ ΟΛΥΜΠΙΑΣ;1;3844;27097;699;8;2;0;44939.66;106.6445128;10;1.859
ΔΗΜΟΣ ΤΡΙΠΟΛΗΣ;1;1926;32946;3654;1378;2;0;190311.25;193.816887;38;1.847
ΔΗΜΟΣ ΓΟΡΤΥΝΙΑΣ;1;915;40617;666;14;1;0;34711.1;49.61549903;7;1.970
ΔΗΜΟΣ ΜΕΓΑΛΟΠΟΛΗΣ;1;188;36832;730;63;2;1;38071.777;79.10086148;8;1.885
ΔΗΜΟΣ ΝΟΤΙΑΣ ΚΥΝΟΥΡΙΑΣ;2;279;7852;603;9;1;0;31454.365;79.70281424;7;1.940
ΔΗΜΟΣ ΝΑΥΠΛΙΕΩΝ;2;7513;6964;2853;388;2;1;141122.39;567.1510327;31;1.778
ΔΗΜΟΣ ΚΙΛΕΛΕΡ;2;0;35490;1301;5;2;0;63083.805;107.2343138;16;1.798
ΔΗΜΟΣ ΦΑΡΣΑΛΩΝ;2;0;32959;1174;124;2;0;56945.805;127.7271874;16;1.818
ΔΗΜΟΣ ΣΟΦΑΔΩΝ;4;169;56106;1112;51;2;0;57878.027;126.0141146;15;1.840
ΔΗΜΟΣ ΑΛΜΥΡΟΥ;4;26;10173;1241;31;2;0;55877.418;108.6988562;15;1.816
ΔΗΜΟΣ ΠΑΛΑΙΟΥ ΦΑΛΗΡΟΥ;4;779;1000;5461;3246;4;0;159655.33;92728.11782;57;1.719
ΔΗΜΟΣ ΑΧΑΡΝΩΝ;4;576;17534;7682;1494;4;0;266088.1;5744.935415;100;1.749
ΔΗΜΟΣ ΒΑΡΗΣ - ΒΟΥΛΑΣ - ΒΟΥΛΙΑΓΜΕΝΗΣ;5;3549;1641;3591;2903;4;0;124480.41;7790.645613;45;1.715
ΔΗΜΟΣ ΔΙΟΝΥΣΟΥ;6;130;11749;2963;168;4;0;102734.18;2144.755731;37;1.875
ΔΗΜΟΣ ΚΡΩΠΙΑΣ;7;0;6951;2089;411;4;0;72426.76;1652.93075;20;1.827
ΔΗΜΟΣ ΛΑΥΡΕΩΤΙΚΗΣ;8;540;3691;1817;273;2;1;63016.594;834.2209544;23;1.899
ΔΗΜΟΣ ΜΑΡΑΘΩΝΟΣ;3;2119;5537;2232;141;2;0;77387.766;808.5353114;29;1.854
ΔΗΜΟΣ ΜΑΡΚΟΠΟΥΛΟΥ ΜΕΣΟΓΑΙΑΣ;3;1261;2380;1510;505;2;0;52376.02;1489.978848;17;1.875
ΔΗΜΟΣ ΡΑΦΗΝΑΣ - ΠΙΚΕΡΜΙΟΥ;2;783;4129;1578;424;2;1;54703.953;3144.5487;20;1.791
ΔΗΜΟΣ ΣΑΡΩΝΙΚΟΥ;9;1030;3686;2108;255;2;0;73093.63;1223.122084;25;1.858
ΔΗΜΟΣ ΩΡΩΠΟΥ;7;320;7438;2412;262;2;1;83611.17;575.5790357;27;1.869
ΔΗΜΟΣ ΜΑΝΔΡΑΣ - ΕΙΔΥΛΛΙΑΣ;7;179;11984;1195;91;2;0;43123.35;228.1918487;15;1.818
ΔΗΜΟΣ ΦΥΛΗΣ;9;0;11820;3293;275;2;0;118746.71;2456.099241;49;1.779
ΔΗΜΟΣ ΑΙΓΙΑΛΕΙΑΣ;9;681;6210;3556;546;2;0;187695.72;392.272105;40;1.859
ΔΗΜΟΣ ΠΑΛΛΗΝΗΣ;9;0;10928;4290;1029;4;0;148719.45;11776.49518;53;1.735
ΔΗΜΟΣ ΠΑΙΑΝΙΑΣ;9;100;12169;1981;293;4;0;68696.16;3005.433964;26;1.842
ΔΗΜΟΣ ΣΠΑΤΩΝ - ΑΡΤΕΜΙΔΟΣ;1;1972;4132;2417;358;2;1;83798.19;2646.823718;30;1.758
ΔΗΜΟΣ ΕΛΕΥΣΙΝΑΣ;2;310;3584;2019;406;4;1;72886.93;4489.900251;28;1.827
ΔΗΜΟΣ ΑΣΠΡΟΠΥΡΓΟΥ;2;326;6274;2142;232;4;0;77318.87;1709.191432;27;1.779
ΔΗΜΟΣ ΠΕΙΡΑΙΩΣ;2;3071;220;12727;9663;4;1;402520.7;92536.16748;153;1.728
ΔΗΜΟΣ ΚΟΡΥΔΑΛΛΟΥ;5;0;4234;4765;2424;4;0;150717.64;87824.12991;61;1.755
ΔΗΜΟΣ ΝΙΚΑΙΑΣ - ΑΓΙΟΥ ΙΩΑΝΝΗ ΡΕΝΤΗ;5;36;2819;8041;4949;4;0;254337.7;56899.88033;91;1.724
ΔΗΜΟΣ ΚΕΡΑΤΣΙΝΙΟΥ - ΔΡΑΠΕΤΣΩΝΑΣ;5;0;774;6954;4390;4;0;219962.56;59261.63197;89;1.735
ΔΗΜΟΣ ΠΕΡΑΜΑΤΟΣ;1;0;1402;1994;1053;4;1;63085.496;10750.9521;25;1.779
ΔΗΜΟΣ ΝΙΣΥΡΟΥ;2;118;2070;106;0;1;2;5723.992;160.1766409;2;2.280
ΔΗΜΟΣ ΜΗΛΟΥ;2;1286;785;983;1;1;2;28499.223;431.8965877;6;2.250
ΔΗΜΟΣ ΑΓΚΙΣΤΡΙΟΥ;2;184;709;87;1;1;1;2724.124;513.56872;2;2.090
ΔΗΜΟΣ ΑΙΓΙΝΑΣ;2;2717;2772;1024;39;2;1;31838.047;925.5389098;12;1.939
ΔΗΜΟΣ ΣΑΛΑΜΙΝΟΣ;4;337;46;2945;291;2;1;91480.86;2490.399493;33;1.887
ΔΗΜΟΣ ΠΟΡΟΥ;4;1711;52;256;51;1;1;7965.6636;407.7816097;4;1.929
ΔΗΜΟΣ ΣΠΕΤΣΩΝ;4;1093;768;291;5;1;1;9055.806;848.4042969;4;2.080
ΔΗΜΟΣ ΤΡΟΙΖΗΝΙΑΣ - ΜΕΘΑΝΩΝ;4;160;85;484;15;2;0;15055.277;158.727362;7;1.948
ΔΗΜΟΣ ΙΚΑΡΙΑΣ;2;952;3928;878;14;1;2;37199.95;259.9721351;8;2.140
ΔΗΜΟΣ ΦΟΥΡΝΩΝ ΚΟΡΣΕΩΝ;2;155;331;138;2;1;1;5852.8496;230.829127;2;2.224
ΔΗΜΟΣ ΑΝΑΤΟΛΙΚΗΣ ΣΑΜΟΥ;5;6605;5282;1825;111;2;1;87075.266;485.1535141;19;1.779
ΔΗΜΟΣ ΧΙΟΥ;7;2929;2455;4126;229;2;2;219516.64;384.6591906;47;1.777
ΔΗΜΟΣ ΟΙΝΟΥΣΣΩΝ;9;51;641;74;0;1;1;3983.0686;334.6773668;1;1.777
ΔΗΜΟΣ ΣΥΡΟΥ - ΕΡΜΟΥΠΟΛΗΣ;9;2524;937;2029;89;2;0;114101.17;1516.982031;20;2.000
ΔΗΜΟΣ ΑΝΔΡΟΥ;8;1319;4913;1050;28;2;2;48749.973;204.7008846;8;2.075
ΔΗΜΟΣ ΚΑΛΥΜΝΙΩΝ;8;1885;2252;1722;44;2;2;97670.08;976.73004;18;2.120
ΔΗΜΟΣ ΔΥΤΙΚΗΣ ΣΑΜΟΥ;2;3300;3716;1149;71;2;0;54823.72;471.2980633;11;1.839
ΔΗΜΟΣ ΑΝΑΦΗΣ;2;331;1928;74;1;1;1;1597.0103;125.9336894;1;2.350
ΔΗΜΟΣ ΙΗΤΩΝ;1;1143;2990;588;3;1;0;12605.954;370.722774;3;2.090
ΔΗΜΟΣ ΣΙΚΙΝΟΥ;1;174;1866;64;0;1;1;1388.466;103.5705881;1;2.350
ΔΗΜΟΣ ΦΟΛΕΓΑΝΔΡΟΥ;1;497;563;183;0;1;1;3923.9258;390.5695901;0;2.235
ΔΗΜΟΣ ΑΓΑΘΟΝΗΣΙΟΥ;5;0;482;19;0;1;0;1114.0656;100.5037936;1;2.390
ΔΗΜΟΣ ΑΣΤΥΠΑΛΑΙΑΣ;5;251;1731;135;12;1;2;7677.723;90.30226256;1;2.150
ΔΗΜΟΣ ΛΕΙΨΩΝ;5;320;444;75;1;1;0;4269.67;329.0273323;1;2.220
ΔΗΜΟΣ ΛΕΡΟΥ;5;1284;3870;772;12;1;2;43838.207;793.8856999;7;2.020
ΔΗΜΟΣ ΠΑΤΜΟΥ;1;1653;220;311;8;1;1;17654.92;527.31691;3;2.179
ΔΗΜΟΣ ΚΑΡΠΑΘΟΥ;1;5410;729;876;59;1;2;35211.06;196.1973436;7;2.090
ΔΗΜΟΣ ΗΡΩΙΚΗΣ ΝΗΣΟΥ ΚΑΣΟΥ;3;1031;1219;166;0;1;2;6717.3213;173.8899861;2;2.220
ΔΗΜΟΣ ΚΕΑΣ;3;337;1867;411;6;1;1;13138.291;195.9231919;2;2.039
ΔΗΜΟΣ ΚΥΘΝΟΥ;6;207;1664;255;7;1;1;8188.108;180.7172309;0;2.168
ΔΗΜΟΣ ΚΩ;6;55480;3150;3775;141;2;2;202979.45;983.8235782;26;1.935
ΔΗΜΟΣ ΝΕΑΣ ΦΙΛΑΔΕΛΦΕΙΑΣ - ΝΕΑΣ ΧΑΛΚΗΔΟΝΟΣ;6;0;11884;3817;1447;4;0;85535.52;77209.69777;34;1.745
ΔΗΜΟΣ ΑΜΑΡΟΥΣΙΟΥ;6;428;15812;6747;3120;4;0;173534.33;39973.00656;50;1.738
ΔΗΜΟΣ ΑΓΙΑΣ ΠΑΡΑΣΚΕΥΗΣ;6;161;14385;5947;2623;4;0;152956.97;57532.88157;50;1.765
ΔΗΜΟΣ ΒΡΙΛΗΣΣΙΩΝ;6;0;13985;3102;1341;4;0;79784.6;60788.77836;27;1.795
ΔΗΜΟΣ ΑΓΙΩΝ ΑΝΑΡΓΥΡΩΝ - ΚΑΜΑΤΕΡΟΥ;6;0;10281;4204;1465;4;0;151160.6;37161.07819;61;1.729
ΔΗΜΟΣ ΑΙΓΑΛΕΩ;6;0;5380;4437;1825;4;0;159529.83;55511.70273;59;1.738
ΔΗΜΟΣ ΙΛΙΟΥ;6;0;9393;5717;2183;4;0;205534.8;49990.35893;78;1.695
ΔΗΜΟΣ ΠΕΤΡΟΥΠΟΛΕΩΣ;6;0;6918;4118;2956;4;0;148057.5;49247.49337;61;1.738
ΔΗΜΟΣ ΧΑΪΔΑΡΙΟΥ;2;664;2628;3215;1489;4;0;115616.55;11518.12815;42;1.759
ΔΗΜΟΣ ΚΑΛΛΙΘΕΑΣ;3;459;1749;8096;4588;4;0;236528.78;131726.4751;90;1.727
ΔΗΜΟΣ ΑΓΙΟΥ ΔΗΜΗΤΡΙΟΥ;5;0;3002;6039;3084;4;0;176556.22;94339.44845;68;1.729
ΔΗΜΟΣ ΑΛΙΜΟΥ;9;251;1192;3608;2172;4;0;105500.13;47766.68356;34;1.697
ΔΗΜΟΣ ΓΛΥΦΑΔΑΣ;4;2237;3230;7542;5567;4;0;220501.47;23192.7567;78;1.717
ΔΗΜΟΣ ΕΛΛΗΝΙΚΟΥ - ΑΡΓΥΡΟΥΠΟΛΗΣ;4;294;2684;4185;2026;4;0;122356.73;21226.36505;44;1.729
ΔΗΜΟΣ ΜΟΣΧΑΤΟΥ - ΤΑΥΡΟΥ;5;224;2130;3325;1856;4;0;97219.484;57714.54353;31;1.735
ΔΗΜΟΣ ΝΕΑΣ ΣΜΥΡΝΗΣ;6;879;2411;6106;3883;4;0;178522.4;136266.8692;67;1.717
ΔΗΜΟΣ ΗΛΙΔΑΣ;6;540;15449;1819;315;2;0;116886.05;377.6736913;29;1.810
ΔΗΜΟΣ ΖΑΧΑΡΩΣ;7;112;7301;532;16;2;0;34204.54;160.1879863;8;1.865
ΔΗΜΟΣ ΖΙΤΣΑΣ;7;0;38386;1065;10;1;0;57477.805;149.1084227;13;1.939
ΔΗΜΟΣ ΚΟΝΙΤΣΑΣ;7;330;75903;416;8;1;0;22455.56;34.63368354;5;1.930
ΔΗΜΟΣ ΜΕΓΑΡΕΩΝ;8;0;5450;2594;204;2;1;93624.234;634.1872026;35;1.849
ΔΗΜΟΣ ΒΟΡΕΙΑΣ ΚΥΝΟΥΡΙΑΣ;8;283;10343;792;83;1;0;41306.86;107.4753097;9;1.810
ΔΗΜΟΣ ΕΠΙΔΑΥΡΟΥ;8;348;7551;620;6;2;0;30700.81;141.3080213;7;1.859
ΔΗΜΟΣ ΒΕΛΟΥ - ΒΟΧΑΣ;8;0;7632;1357;15;2;0;77243.57;655.2061897;15;1.825
ΔΗΜΟΣ ΒΥΡΩΝΟΣ;8;0;7243;6495;2853;4;0;145517.94;52836.0429;59;1.738
ΔΗΜΟΣ ΝΕΜΕΑΣ;2;501;20020;431;17;2;0;24546.791;167.6070187;6;1.848
ΔΗΜΟΣ ΞΥΛΟΚΑΣΤΡΟΥ - ΕΥΡΩΣΤΙΝΗΣ;5;523;8794;1164;286;2;0;66239.086;225.0275387;14;1.878
ΔΗΜΟΣ ΕΛΑΦΟΝΗΣΟΥ;5;215;1312;73;0;2;1;3953.9907;287.7865364;1;2.060
ΔΗΜΟΣ ΚΑΛΑΜΑΤΑΣ;5;4378;8716;6073;1894;3;1;311356.2;1076.653408;59;1.825
ΔΗΜΟΣ ΟΙΧΑΛΙΑΣ;6;0;21494;718;6;2;0;36846.17;134.9438666;9;1.820
ΔΗΜΟΣ ΚΗΦΙΣΙΑΣ;7;446;13686;6971;1629;4;0;179295.11;15178.66458;58;1.769
ΔΗΜΟΣ ΔΑΦΝΗΣ - ΥΜΗΤΤΟΥ;7;0;4776;3718;1449;4;0;83298.65;115940.6785;33;1.729
ΔΗΜΟΣ ΖΩΓΡΑΦΟΥ;7;0;9351;7672;3233;4;0;171905.28;67551.47179;70;1.899
ΔΗΜΟΣ ΗΛΙΟΥΠΟΛΕΩΣ;7;0;5212;8425;3696;4;0;188764.33;49648.59419;74;1.759
ΔΗΜΟΣ ΚΑΙΣΑΡΙΑΝΗΣ;7;0;8940;2884;1362;4;0;64621.047;27672.31755;27;1.854
ΔΗΜΟΣ ΓΑΛΑΤΣΙΟΥ;7;0;10737;6361;2622;4;0;142523.12;119016.6141;56;1.699
ΔΗΜΟΣ ΔΥΤΙΚΗΣ ΑΧΑΪΑΣ;7;782;9855;1950;14;2;0;102939.52;271.2860166;25;1.818
ΔΗΜΟΣ ΘΕΡΜΟΥ;7;89;25547;412;1;2;0;22821.574;99.42432877;6;1.860
ΔΗΜΟΣ ΜΟΝΕΜΒΑΣΙΑΣ;7;2071;4699;1763;16;2;1;94475.695;146.1379217;20;1.915
ΔΗΜΟΣ ΔΥΤΙΚΗΣ ΜΑΝΗΣ;3;677;4985;487;4;2;0;24997.19;94.39555627;6;1.867
ΔΗΜΟΣ ΜΕΣΣΗΝΗΣ;3;1297;8325;1621;113;2;2;83150.734;225.1290892;18;1.845
ΔΗΜΟΣ ΤΡΙΦΥΛΙΑΣ;7;762;6194;1888;107;2;0;96866.27;239.2759761;20;1.890
ΔΗΜΟΣ ΑΘΗΝΑΙΩΝ;7;30232;6971;70058;35409;4;0;1569504;134439.6596;578;1.717
ΔΗΜΟΣ ΠΑΤΡΕΩΝ;4;5079;6524;15938;5276;3;2;840976.2;3795.374829;185;1.799
ΔΗΜΟΣ ΛΗΜΝΟΥ;4;2035;774;1460;16;2;2;71564.78;236.5861492;15;1.750
ΔΗΜΟΣ ΗΡΩΙΚΗΣ ΝΗΣΟΥ ΨΑΡΩΝ;7;24;987;34;0;1;1;1826.2977;60.10318799;1;2.181
ΔΗΜΟΣ ΜΕΓΙΣΤΗΣ;1;499;643;57;1;1;2;3205;361.8740346;1;2.170
ΔΗΜΟΣ ΠΥΛΟΥ - ΝΕΣΤΟΡΟΣ;6;3615;6312;1450;38;2;1;74398.25;204.2232825;17;1.870
ΔΗΜΟΣ ΝΕΑΠΟΛΗΣ - ΣΥΚΕΩΝ;1;0;3488;6436;3731;4;0;237777.42;39369.81137;76;1.819
ΔΗΜΟΣ ΠΗΝΕΙΟΥ;2;266;6800;1339;21;2;0;86079.7;689.506149;21;1.867
ΔΗΜΟΣ ΘΗΡΑΣ;9;16201;631;3965;30;2;1;84828.13;3007.136635;11;2.045
ΔΗΜΟΣ ΚΥΘΗΡΩΝ;9;789;4199;289;8;1;2;9004.128;76.12929858;3;2.136
ΔΗΜΟΣ ΙΩΑΝΝΙΤΩΝ;9;5480;53815;8847;2841;3;1;476918.16;1736.737523;95;1.769
ΔΗΜΟΣ ΠΩΓΩΝΙΟΥ;4;0;41291;536;1;1;0;28924.45;60.54791396;7;1.865
ΔΗΜΟΣ ΝΕΑΣ ΠΡΟΠΟΝΤΙΔΑΣ;2;6345;5620;3752;408;2;0;101141.65;754.9681577;30;1.795
ΔΗΜΟΣ ΓΡΕΒΕΝΩΝ;2;1341;101442;1521;621;2;0;101621.27;66.04048343;20;1.840
ΔΗΜΟΣ ΔΩΔΩΝΗΣ;6;184;33424;567;0;2;0;30607.035;68.29138922;5;1.939
ΔΗΜΟΣ ΓΕΩΡΓΙΟΥ ΚΑΡΑΪΣΚΑΚΗ;6;22;23212;363;0;2;0;22438.693;63.67808936;6;1.865
ΔΗΜΟΣ ΝΙΚΟΛΑΟΥ ΣΚΟΥΦΑ;6;0;8774;778;13;2;0;48120.26;273.1671928;11;1.847
ΔΗΜΟΣ ΦΑΡΚΑΔΟΝΑΣ;7;0;66207;864;5;2;0;39621.156;186.4949464;12;1.840
ΔΗΜΟΣ ΠΑΞΩΝ;7;12125;988;312;6;1;1;9250.102;757.8642412;3;2.090
ΔΗΜΟΣ ΒΟΡΕΙΑΣ ΚΕΡΚΥΡΑΣ;5;12125;3298;2288;256;2;0;67755.15;866.1935088;15;1.892
ΔΗΜΟΣ ΑΓΡΙΝΙΟΥ;5;1281;20668;6392;1745;3;0;353615.16;418.6177992;86;1.848
ΔΗΜΟΣ ΑΝΔΡΑΒΙΔΑΣ - ΚΥΛΛΗΝΗΣ;5;1691;4532;1398;19;2;1;89883.29;327.0464837;21;1.847
ΔΗΜΟΣ ΗΡΑΚΛΕΙΟΥ ΑΤΤΙΚΗΣ;5;317;14494;4831;1986;4;0;124258.94;80265.25337;45;1.758
